time,n_replica,cpu_req_core,mem_req_KB,cpu_lim_core,mem_lim_KB,cpu_use_core,mem_use_KB
0.0,5,2.500,3840000,6.250,10485760,0.358600046,2560796
5.23,5,2.500,3840000,6.250,10485760,0.358600046,2560796
10.4,5,2.500,3840000,6.250,10485760,0.344248277,2561472
15.59,5,2.500,3840000,6.250,10485760,0.344248277,2561472
20.78,5,2.500,3840000,6.250,10485760,0.344248277,2561472
25.99,5,2.500,3840000,6.250,10485760,0.475833046,2566028
31.19,5,2.500,3840000,6.250,10485760,0.475833046,2566028
36.37,5,2.500,3840000,6.250,10485760,0.475833046,2566028
41.57,5,2.500,3840000,6.250,10485760,0.363408907,2548060
46.74,5,2.500,3840000,6.250,10485760,0.363408907,2548060
51.95,5,2.500,3840000,6.250,10485760,0.403705061,2562876
57.21,5,2.500,3840000,6.250,10485760,0.403705061,2562876
62.36,5,2.500,3840000,6.250,10485760,0.403705061,2562876
67.52,5,2.500,3840000,6.250,10485760,0.389056603,2530044
72.68,5,2.500,3840000,6.250,10485760,0.389056603,2530044
77.86,5,2.500,3840000,6.250,10485760,0.389056603,2530044
83.03,5,2.500,3840000,6.250,10485760,0.402569435,2541708
88.22,5,2.500,3840000,6.250,10485760,0.402569435,2541708
93.48,5,2.500,3840000,6.250,10485760,0.402569435,2541708
98.65,5,2.500,3840000,6.250,10485760,0.421010452,2571408
103.83,5,2.500,3840000,6.250,10485760,0.421010452,2571408
109.0,5,2.500,3840000,6.250,10485760,0.421010452,2571408
114.2,5,2.500,3840000,6.250,10485760,0.434384710,2595904
119.38,5,2.500,3840000,6.250,10485760,0.434384710,2595904
124.56,5,2.500,3840000,6.250,10485760,0.434384710,2595904
129.73,5,2.500,3840000,6.250,10485760,0.446546596,2603088
134.96,5,2.500,3840000,6.250,10485760,0.446546596,2603088
140.14,5,2.500,3840000,6.250,10485760,0.446546596,2603088
145.33,5,2.500,3840000,6.250,10485760,0.406385991,2619852
150.5,5,2.500,3840000,6.250,10485760,0.406385991,2619852
155.74,5,2.500,3840000,6.250,10485760,0.406385991,2619852
160.9,5,2.500,3840000,6.250,10485760,0.408861313,2606332
166.06,5,2.500,3840000,6.250,10485760,0.408861313,2606332
171.25,5,2.500,3840000,6.250,10485760,0.408861313,2606332
176.41,5,2.500,3840000,6.250,10485760,0.423382043,2583088
181.61,5,2.500,3840000,6.250,10485760,0.423382043,2583088
186.78,5,2.500,3840000,6.250,10485760,0.423382043,2583088
192.06,5,2.500,3840000,6.250,10485760,0.400327329,2615168
197.24,5,2.500,3840000,6.250,10485760,0.400327329,2615168
202.44,5,2.500,3840000,6.250,10485760,0.423651937,2637464
207.63,5,2.500,3840000,6.250,10485760,0.423651937,2637464
212.85,5,2.500,3840000,6.250,10485760,0.423651937,2637464
218.01,5,2.500,3840000,6.250,10485760,0.428721169,2666260
223.19,5,2.500,3840000,6.250,10485760,0.428721169,2666260
228.35,5,2.500,3840000,6.250,10485760,0.428721169,2666260
233.55,5,2.500,3840000,6.250,10485760,0.413394425,2669728
238.71,5,2.500,3840000,6.250,10485760,0.413394425,2669728
243.88,5,2.500,3840000,6.250,10485760,0.413394425,2669728
249.09,5,2.500,3840000,6.250,10485760,0.392937065,2677628
254.27,5,2.500,3840000,6.250,10485760,0.392937065,2677628
259.43,5,2.500,3840000,6.250,10485760,0.392937065,2677628
264.62,5,2.500,3840000,6.250,10485760,0.510975492,2666280
269.81,5,2.500,3840000,6.250,10485760,0.510975492,2666280
274.97,5,2.500,3840000,6.250,10485760,0.510975492,2666280
280.15,5,2.500,3840000,6.250,10485760,0.371447851,2704288
285.33,5,2.500,3840000,6.250,10485760,0.371447851,2704288
290.57,5,2.500,3840000,6.250,10485760,0.371447851,2704288
295.72,5,2.500,3840000,6.250,10485760,0.407320140,2617684
300.88,5,2.500,3840000,6.250,10485760,0.407320140,2617684
306.05,5,2.500,3840000,6.250,10485760,0.407320140,2617684
311.26,5,2.500,3840000,6.250,10485760,0.432038281,2638868
316.44,5,2.500,3840000,6.250,10485760,0.432038281,2638868
321.61,5,2.500,3840000,6.250,10485760,0.432038281,2638868
326.93,5,2.500,3840000,6.250,10485760,0.489939888,2665628
332.13,5,2.500,3840000,6.250,10485760,0.489939888,2665628
337.28,5,2.500,3840000,6.250,10485760,0.492026178,2675648
342.46,5,2.500,3840000,6.250,10485760,0.492026178,2675648
347.69,5,2.500,3840000,6.250,10485760,0.492026178,2675648
352.86,5,2.500,3840000,6.250,10485760,0.466519533,2681964
358.03,5,2.500,3840000,6.250,10485760,0.466519533,2681964
363.19,5,2.500,3840000,6.250,10485760,0.466519533,2681964
368.42,5,2.500,3840000,6.250,10485760,0.392953305,2700020
373.63,5,2.500,3840000,6.250,10485760,0.392953305,2700020
378.79,5,2.500,3840000,6.250,10485760,0.392953305,2700020
383.94,5,2.500,3840000,6.250,10485760,0.490257810,2711812
389.14,5,2.500,3840000,6.250,10485760,0.490257810,2711812
394.28,5,2.500,3840000,6.250,10485760,0.490257810,2711812
399.42,5,2.500,3840000,6.250,10485760,0.472217343,2678360
404.6,5,2.500,3840000,6.250,10485760,0.472217343,2678360
409.76,5,2.500,3840000,6.250,10485760,0.472217343,2678360
414.99,5,2.500,3840000,6.250,10485760,0.411484195,2755980
420.17,5,2.500,3840000,6.250,10485760,0.411484195,2755980
425.4,5,2.500,3840000,6.250,10485760,0.411484195,2755980
430.58,5,2.500,3840000,6.250,10485760,0.482697166,2768600
435.76,5,2.500,3840000,6.250,10485760,0.482697166,2768600
440.92,5,2.500,3840000,6.250,10485760,0.482697166,2768600
446.19,5,2.500,3840000,6.250,10485760,0.552091814,2783912
451.35,5,2.500,3840000,6.250,10485760,0.552091814,2783912
456.5,5,2.500,3840000,6.250,10485760,0.552091814,2783912
461.75,5,2.500,3840000,6.250,10485760,0.447847082,2791796
466.97,5,2.500,3840000,6.250,10485760,0.447847082,2791796
472.17,5,2.500,3840000,6.250,10485760,0.504220692,2812344
477.36,5,2.500,3840000,6.250,10485760,0.504220692,2812344
482.58,5,2.500,3840000,6.250,10485760,0.504220692,2812344
487.74,5,2.500,3840000,6.250,10485760,0.552600975,2813528
492.93,5,2.500,3840000,6.250,10485760,0.552600975,2813528
498.12,5,2.500,3840000,6.250,10485760,0.552600975,2813528
503.36,5,2.500,3840000,6.250,10485760,0.458745987,2775832
508.55,5,2.500,3840000,6.250,10485760,0.458745987,2775832
513.78,5,2.500,3840000,6.250,10485760,0.458745987,2775832
518.94,5,2.500,3840000,6.250,10485760,0.502248674,2810864
524.18,5,2.500,3840000,6.250,10485760,0.502248674,2810864
529.34,5,2.500,3840000,6.250,10485760,0.502248674,2810864
534.51,5,2.500,3840000,6.250,10485760,0.505778608,2834608
539.66,5,2.500,3840000,6.250,10485760,0.505778608,2834608
545.04,5,2.500,3840000,6.250,10485760,0.505778608,2834608
550.22,5,2.500,3840000,6.250,10485760,0.375925123,2842912
555.38,5,2.500,3840000,6.250,10485760,0.375925123,2842912
560.61,5,2.500,3840000,6.250,10485760,0.375925123,2842912
565.78,5,2.500,3840000,6.250,10485760,0.528393923,2849580
570.94,5,2.500,3840000,6.250,10485760,0.528393923,2849580
576.14,5,2.500,3840000,6.250,10485760,0.528393923,2849580
581.32,5,2.500,3840000,6.250,10485760,0.529735354,2827304
586.49,5,2.500,3840000,6.250,10485760,0.529735354,2827304
591.69,5,2.500,3840000,6.250,10485760,0.529735354,2827304
596.88,5,2.500,3840000,6.250,10485760,0.455846229,2823652
602.15,5,2.500,3840000,6.250,10485760,0.455846229,2823652
607.3,5,2.500,3840000,6.250,10485760,0.434567275,2819684
612.47,5,2.500,3840000,6.250,10485760,0.434567275,2819684
617.65,5,2.500,3840000,6.250,10485760,0.434567275,2819684
622.83,5,2.500,3840000,6.250,10485760,0.929169553,2877568
627.99,5,2.500,3840000,6.250,10485760,0.929169553,2877568
633.15,5,2.500,3840000,6.250,10485760,0.929169553,2877568
638.4,5,2.500,3840000,6.250,10485760,0.976267397,2951620
643.55,5,2.500,3840000,6.250,10485760,0.976267397,2951620
648.71,5,2.500,3840000,6.250,10485760,0.976267397,2951620
653.86,5,2.500,3840000,6.250,10485760,1.096459852,2946728
659.09,5,2.500,3840000,6.250,10485760,1.096459852,2946728
664.26,5,2.500,3840000,6.250,10485760,1.096459852,2946728
669.43,5,2.500,3840000,6.250,10485760,0.866466432,3017744
674.65,5,2.500,3840000,6.250,10485760,0.866466432,3017744
679.93,5,2.500,3840000,6.250,10485760,0.866466432,3017744
685.1,5,2.500,3840000,6.250,10485760,1.145048677,3069724
690.27,5,2.500,3840000,6.250,10485760,1.145048677,3069724
695.47,5,2.500,3840000,6.250,10485760,1.145048677,3069724
700.68,5,2.500,3840000,6.250,10485760,1.071094798,3025124
705.85,5,2.500,3840000,6.250,10485760,1.071094798,3025124
711.01,5,2.500,3840000,6.250,10485760,1.071094798,3025124
716.28,5,2.500,3840000,6.250,10485760,0.918031348,3126888
721.48,5,2.500,3840000,6.250,10485760,0.918031348,3126888
726.65,5,2.500,3840000,6.250,10485760,0.918031348,3126888
731.9,5,2.500,3840000,6.250,10485760,1.112736850,3190688
737.15,5,2.500,3840000,6.250,10485760,1.112736850,3190688
742.34,5,2.500,3840000,6.250,10485760,1.082758540,3138160
747.54,5,2.500,3840000,6.250,10485760,1.082758540,3138160
752.74,5,2.500,3840000,6.250,10485760,1.082758540,3138160
757.94,5,2.500,3840000,6.250,10485760,0.918900475,3181908
763.09,5,2.500,3840000,6.250,10485760,0.918900475,3181908
768.24,5,2.500,3840000,6.250,10485760,0.918900475,3181908
773.45,5,2.500,3840000,6.250,10485760,0.939781273,3270516
778.66,5,2.500,3840000,6.250,10485760,0.939781273,3270516
783.87,5,2.500,3840000,6.250,10485760,0.939781273,3270516
789.04,5,2.500,3840000,6.250,10485760,0.828617582,3298048
794.29,5,2.500,3840000,6.250,10485760,0.828617582,3298048
799.52,5,2.500,3840000,6.250,10485760,0.828617582,3298048
804.67,5,2.500,3840000,6.250,10485760,0.966260579,3252024
809.85,5,2.500,3840000,6.250,10485760,0.966260579,3252024
815.08,5,2.500,3840000,6.250,10485760,0.966260579,3252024
820.27,5,2.500,3840000,6.250,10485760,0.976804330,3276560
825.43,5,2.500,3840000,6.250,10485760,0.976804330,3276560
830.63,5,2.500,3840000,6.250,10485760,0.976804330,3276560
835.88,5,2.500,3840000,6.250,10485760,0.993048317,3290920
841.04,5,2.500,3840000,6.250,10485760,0.993048317,3290920
846.27,5,2.500,3840000,6.250,10485760,0.993048317,3290920
851.53,5,2.500,3840000,6.250,10485760,0.986403137,3309724
856.7,5,2.500,3840000,6.250,10485760,0.986403137,3309724
861.89,5,2.500,3840000,6.250,10485760,0.986403137,3309724
867.06,5,2.500,3840000,6.250,10485760,1.040923007,3361440
872.32,5,2.500,3840000,6.250,10485760,1.040923007,3361440
877.47,5,2.500,3840000,6.250,10485760,0.987237555,3417740
882.66,5,2.500,3840000,6.250,10485760,0.987237555,3417740
887.85,5,2.500,3840000,6.250,10485760,0.987237555,3417740
893.13,5,2.500,3840000,6.250,10485760,0.978054371,3405168
898.3,5,2.500,3840000,6.250,10485760,0.978054371,3405168
903.48,5,2.500,3840000,6.250,10485760,0.978054371,3405168
908.66,5,2.500,3840000,6.250,10485760,0.881908174,3431980
913.87,5,2.500,3840000,6.250,10485760,0.881908174,3431980
919.06,5,2.500,3840000,6.250,10485760,0.881908174,3431980
924.27,5,2.500,3840000,6.250,10485760,2.144214954,3457772
929.55,5,2.500,3840000,6.250,10485760,2.144214954,3457772
934.74,7,3.500,5376000,8.750,14680064,2.144214954,3457772
939.92,7,3.500,5376000,8.750,14680064,2.391734622,3564760
945.09,7,3.500,5376000,8.750,14680064,2.391734622,3564760
950.34,7,3.500,5376000,8.750,14680064,2.391734622,3564760
955.53,7,3.500,5376000,8.750,14680064,1.968572135,3566552
960.72,7,3.500,5376000,8.750,14680064,1.968572135,3566552
965.91,7,3.500,5376000,8.750,14680064,1.968572135,3566552
971.18,7,3.500,5376000,8.750,14680064,3.988634734,4391108
976.36,7,3.500,5376000,8.750,14680064,3.988634734,4391108
981.58,7,3.500,5376000,8.750,14680064,3.988634734,4391108
986.89,7,3.500,5376000,8.750,14680064,4.084214834,4517208
992.07,7,3.500,5376000,8.750,14680064,4.084214834,4517208
997.25,7,3.500,5376000,8.750,14680064,4.299759510,4579708
1002.42,7,3.500,5376000,8.750,14680064,4.299759510,4579708
1007.68,7,3.500,5376000,8.750,14680064,4.299759510,4579708
1012.86,7,3.500,5376000,8.750,14680064,2.537595208,4638156
1018.04,7,3.500,5376000,8.750,14680064,2.537595208,4638156
1023.27,7,3.500,5376000,8.750,14680064,2.537595208,4638156
1028.48,7,3.500,5376000,8.750,14680064,2.408963621,4826108
1033.66,7,3.500,5376000,8.750,14680064,2.408963621,4826108
1038.83,7,3.500,5376000,8.750,14680064,2.408963621,4826108
1044.07,7,3.500,5376000,8.750,14680064,2.391750942,4833924
1049.28,7,3.500,5376000,8.750,14680064,2.391750942,4833924
1054.47,7,3.500,5376000,8.750,14680064,2.391750942,4833924
1059.65,7,3.500,5376000,8.750,14680064,2.592995130,4942488
1064.94,7,3.500,5376000,8.750,14680064,2.592995130,4942488
1070.15,7,3.500,5376000,8.750,14680064,2.592995130,4942488
1075.32,7,3.500,5376000,8.750,14680064,2.262030383,4935392
1080.6,7,3.500,5376000,8.750,14680064,2.262030383,4935392
1085.76,7,3.500,5376000,8.750,14680064,2.262030383,4935392
1090.92,7,3.500,5376000,8.750,14680064,2.280896830,5042360
1096.15,7,3.500,5376000,8.750,14680064,2.280896830,5042360
1101.36,7,3.500,5376000,8.750,14680064,2.280896830,5042360
1106.6,7,3.500,5376000,8.750,14680064,2.522365689,5075024
1111.82,7,3.500,5376000,8.750,14680064,2.522365689,5075024
1117.03,7,3.500,5376000,8.750,14680064,2.234184755,5056428
1122.25,7,3.500,5376000,8.750,14680064,2.234184755,5056428
1127.54,7,3.500,5376000,8.750,14680064,2.234184755,5056428
1132.7,7,3.500,5376000,8.750,14680064,2.133483793,5155924
1137.95,7,3.500,5376000,8.750,14680064,2.133483793,5155924
1143.13,7,3.500,5376000,8.750,14680064,2.133483793,5155924
1148.32,7,3.500,5376000,8.750,14680064,2.401046899,5102432
1153.51,7,3.500,5376000,8.750,14680064,2.401046899,5102432
1158.74,7,3.500,5376000,8.750,14680064,2.401046899,5102432
1163.97,7,3.500,5376000,8.750,14680064,2.479964249,5265288
1169.17,7,3.500,5376000,8.750,14680064,2.479964249,5265288
1174.45,7,3.500,5376000,8.750,14680064,2.479964249,5265288
1179.65,7,3.500,5376000,8.750,14680064,2.367506623,5272612
1184.88,7,3.500,5376000,8.750,14680064,2.367506623,5272612
1190.06,7,3.500,5376000,8.750,14680064,2.367506623,5272612
1195.31,7,3.500,5376000,8.750,14680064,2.299111819,5385072
1200.53,7,3.500,5376000,8.750,14680064,2.299111819,5385072
1205.73,7,3.500,5376000,8.750,14680064,2.299111819,5385072
1210.98,7,3.500,5376000,8.750,14680064,2.229853721,5333264
1216.27,7,3.500,5376000,8.750,14680064,2.229853721,5333264
1221.53,7,3.500,5376000,8.750,14680064,2.229853721,5333264
1226.85,7,3.500,5376000,8.750,14680064,6.478815436,5603496
1232.11,7,3.500,5376000,8.750,14680064,6.478815436,5603496
1237.33,14,7.000,10752000,17.500,29360128,6.478815436,5603496
1242.72,14,7.000,10752000,17.500,29360128,7.032349934,5911132
1248.18,14,7.000,10752000,17.500,29360128,7.032349934,5911132
1253.48,20,10.000,15360000,25.000,41943040,8.153644117,7633040
1259.03,20,10.000,15360000,25.000,41943040,8.153644117,7633040
1264.56,20,10.000,15360000,25.000,41943040,8.153644117,7633040
1270.08,20,10.000,15360000,25.000,41943040,10.750991031,10113356
1275.51,20,10.000,15360000,25.000,41943040,10.750991031,10113356
1281.05,20,10.000,15360000,25.000,41943040,10.750991031,10113356
1288.08,20,10.000,15360000,25.000,41943040,10.759008807,11125676
1293.59,20,10.000,15360000,25.000,41943040,10.759008807,11125676
1299.12,20,10.000,15360000,25.000,41943040,10.870240601,11304228
1304.57,20,10.000,15360000,25.000,41943040,10.870240601,11304228
1310.28,20,10.000,15360000,25.000,41943040,10.870240601,11304228
1315.93,20,10.000,15360000,25.000,41943040,10.856406332,11418232
1321.68,20,10.000,15360000,25.000,41943040,10.856406332,11418232
1327.37,20,10.000,15360000,25.000,41943040,10.862358354,11405696
1332.93,20,10.000,15360000,25.000,41943040,10.862358354,11405696
1338.32,20,10.000,15360000,25.000,41943040,10.862358354,11405696
1343.99,20,10.000,15360000,25.000,41943040,9.080492118,11779824
1349.62,20,10.000,15360000,25.000,41943040,9.080492118,11779824
1354.99,20,10.000,15360000,25.000,41943040,9.080492118,11779824
1360.42,20,10.000,15360000,25.000,41943040,7.352488787,12083164
1365.9,20,10.000,15360000,25.000,41943040,7.352488787,12083164
1371.18,20,10.000,15360000,25.000,41943040,7.352488787,12083164
1377.21,20,10.000,15360000,25.000,41943040,7.842142091,12652968
1382.59,20,10.000,15360000,25.000,41943040,7.842142091,12652968
1387.91,20,10.000,15360000,25.000,41943040,8.143611093,13069828
1393.18,20,10.000,15360000,25.000,41943040,8.143611093,13069828
1398.64,20,10.000,15360000,25.000,41943040,8.143611093,13069828
1404.02,20,10.000,15360000,25.000,41943040,8.049016197,13596880
1409.41,20,10.000,15360000,25.000,41943040,8.049016197,13596880
1414.74,20,10.000,15360000,25.000,41943040,8.049016197,13596880
1420.21,20,10.000,15360000,25.000,41943040,7.927049326,13912332
1425.44,20,10.000,15360000,25.000,41943040,7.927049326,13912332
1430.88,20,10.000,15360000,25.000,41943040,7.927049326,13912332
1436.43,20,10.000,15360000,25.000,41943040,7.978440806,14200232
1441.79,20,10.000,15360000,25.000,41943040,7.978440806,14200232
1447.44,20,10.000,15360000,25.000,41943040,7.783527593,14411884
1452.83,20,10.000,15360000,25.000,41943040,7.783527593,14411884
1458.42,20,10.000,15360000,25.000,41943040,7.783527593,14411884
1463.76,20,10.000,15360000,25.000,41943040,7.868098380,14658284
1469.05,20,10.000,15360000,25.000,41943040,7.868098380,14658284
1474.42,20,10.000,15360000,25.000,41943040,7.868098380,14658284
1479.94,20,10.000,15360000,25.000,41943040,7.704592468,14881252
1485.38,20,10.000,15360000,25.000,41943040,7.704592468,14881252
1490.69,20,10.000,15360000,25.000,41943040,7.704592468,14881252
1496.19,20,10.000,15360000,25.000,41943040,8.016865945,15009092
1501.6,20,10.000,15360000,25.000,41943040,8.016865945,15009092
1507.18,20,10.000,15360000,25.000,41943040,7.664075116,15194224
1512.7,20,10.000,15360000,25.000,41943040,7.664075116,15194224
1518.2,20,10.000,15360000,25.000,41943040,7.664075116,15194224
1523.74,20,10.000,15360000,25.000,41943040,9.201196282,15524548
1529.27,20,10.000,15360000,25.000,41943040,9.201196282,15524548
1534.66,20,10.000,15360000,25.000,41943040,9.201196282,15524548
1539.99,20,10.000,15360000,25.000,41943040,8.640819440,15769480
1545.24,20,10.000,15360000,25.000,41943040,8.640819440,15769480
1550.62,20,10.000,15360000,25.000,41943040,8.640819440,15769480
1556.19,20,10.000,15360000,25.000,41943040,8.519913104,16093936
1561.61,20,10.000,15360000,25.000,41943040,8.519913104,16093936
1567.87,20,10.000,15360000,25.000,41943040,7.307888903,16241020
1573.56,20,10.000,15360000,25.000,41943040,7.307888903,16241020
1579.18,20,10.000,15360000,25.000,41943040,7.307888903,16241020
1585.03,20,10.000,15360000,25.000,41943040,7.560901888,16368328
1590.48,20,10.000,15360000,25.000,41943040,7.560901888,16368328
1595.92,20,10.000,15360000,25.000,41943040,7.560901888,16368328
1601.79,20,10.000,15360000,25.000,41943040,7.827222658,16379952
1607.29,20,10.000,15360000,25.000,41943040,7.827222658,16379952
1612.54,20,10.000,15360000,25.000,41943040,8.277755515,16478032
1617.86,20,10.000,15360000,25.000,41943040,8.277755515,16478032
1623.32,20,10.000,15360000,25.000,41943040,8.277755515,16478032
1628.72,20,10.000,15360000,25.000,41943040,8.282318729,16476816
1634.42,20,10.000,15360000,25.000,41943040,8.282318729,16476816
1639.9,20,10.000,15360000,25.000,41943040,8.282318729,16476816
1645.55,20,10.000,15360000,25.000,41943040,8.000728609,16843940
1651.05,20,10.000,15360000,25.000,41943040,8.000728609,16843940
1656.53,20,10.000,15360000,25.000,41943040,8.000728609,16843940
1662.2,20,10.000,15360000,25.000,41943040,8.607005192,16832016
1667.69,20,10.000,15360000,25.000,41943040,8.607005192,16832016
1673.39,20,10.000,15360000,25.000,41943040,8.835560061,17150524
1678.69,20,10.000,15360000,25.000,41943040,8.835560061,17150524
1683.95,20,10.000,15360000,25.000,41943040,8.835560061,17150524
1689.3,20,10.000,15360000,25.000,41943040,8.592343274,17083316
1694.83,20,10.000,15360000,25.000,41943040,8.592343274,17083316
1700.39,20,10.000,15360000,25.000,41943040,8.592343274,17083316
1705.9,20,10.000,15360000,25.000,41943040,7.705405791,17057820
1711.47,20,10.000,15360000,25.000,41943040,7.705405791,17057820
1716.98,20,10.000,15360000,25.000,41943040,7.705405791,17057820
1722.72,20,10.000,15360000,25.000,41943040,8.074112959,17125008
1728.19,20,10.000,15360000,25.000,41943040,8.074112959,17125008
1733.82,20,10.000,15360000,25.000,41943040,8.503590889,17225428
1739.51,20,10.000,15360000,25.000,41943040,8.503590889,17225428
1745.0,20,10.000,15360000,25.000,41943040,8.503590889,17225428
1750.46,20,10.000,15360000,25.000,41943040,8.528122367,17195072
1755.77,20,10.000,15360000,25.000,41943040,8.528122367,17195072
1761.05,20,10.000,15360000,25.000,41943040,8.528122367,17195072
1766.49,20,10.000,15360000,25.000,41943040,7.733893032,17570184
1772.08,20,10.000,15360000,25.000,41943040,7.733893032,17570184
1777.64,20,10.000,15360000,25.000,41943040,8.806941915,17292324
1783.78,20,10.000,15360000,25.000,41943040,8.806941915,17292324
1789.35,20,10.000,15360000,25.000,41943040,8.806941915,17292324
1794.66,20,10.000,15360000,25.000,41943040,8.104766289,17320884
1800.02,20,10.000,15360000,25.000,41943040,8.104766289,17320884
1805.26,20,10.000,15360000,25.000,41943040,8.104766289,17320884
1810.61,20,10.000,15360000,25.000,41943040,8.303364101,17436732
1815.87,20,10.000,15360000,25.000,41943040,8.303364101,17436732
1821.11,20,10.000,15360000,25.000,41943040,8.303364101,17436732
1826.63,20,10.000,15360000,25.000,41943040,2.068859834,17480440
1832.05,20,10.000,15360000,25.000,41943040,2.068859834,17480440
1837.27,20,10.000,15360000,25.000,41943040,1.534905972,17288592
1842.54,20,10.000,15360000,25.000,41943040,1.534905972,17288592
1847.76,20,10.000,15360000,25.000,41943040,1.534905972,17288592
1852.99,20,10.000,15360000,25.000,41943040,1.464574088,17296844
1858.26,20,10.000,15360000,25.000,41943040,1.464574088,17296844
1863.52,20,10.000,15360000,25.000,41943040,1.464574088,17296844
1868.74,20,10.000,15360000,25.000,41943040,1.427282522,17251992
1874.05,20,10.000,15360000,25.000,41943040,1.427282522,17251992
1879.28,20,10.000,15360000,25.000,41943040,1.427282522,17251992
1884.55,20,10.000,15360000,25.000,41943040,1.471381257,17162600
1889.81,20,10.000,15360000,25.000,41943040,1.471381257,17162600
1895.02,20,10.000,15360000,25.000,41943040,1.471381257,17162600
1900.25,20,10.000,15360000,25.000,41943040,1.452952344,17019780
1905.58,20,10.000,15360000,25.000,41943040,1.452952344,17019780
1910.84,20,10.000,15360000,25.000,41943040,1.452952344,17019780
1916.29,20,10.000,15360000,25.000,41943040,1.455741105,16975780
1921.56,20,10.000,15360000,25.000,41943040,1.455741105,16975780
1926.92,20,10.000,15360000,25.000,41943040,1.406654537,17026556
1932.24,20,10.000,15360000,25.000,41943040,1.406654537,17026556
1937.51,20,10.000,15360000,25.000,41943040,1.406654537,17026556
1942.75,20,10.000,15360000,25.000,41943040,1.432595951,17015292
1948.1,20,10.000,15360000,25.000,41943040,1.432595951,17015292
1953.33,20,10.000,15360000,25.000,41943040,1.432595951,17015292
1958.57,20,10.000,15360000,25.000,41943040,1.423956743,16993092
1963.85,20,10.000,15360000,25.000,41943040,1.423956743,16993092
1969.06,20,10.000,15360000,25.000,41943040,1.423956743,16993092
1974.31,20,10.000,15360000,25.000,41943040,1.427843514,17033108
1979.59,20,10.000,15360000,25.000,41943040,1.427843514,17033108
1984.81,20,10.000,15360000,25.000,41943040,1.427843514,17033108
1990.2,20,10.000,15360000,25.000,41943040,1.373592553,16968880
1995.44,20,10.000,15360000,25.000,41943040,1.373592553,16968880
2000.67,20,10.000,15360000,25.000,41943040,1.373592553,16968880
2005.93,20,10.000,15360000,25.000,41943040,1.429142047,16972548
2011.14,20,10.000,15360000,25.000,41943040,1.429142047,16972548
2016.36,20,10.000,15360000,25.000,41943040,1.429142047,16972548
2021.71,20,10.000,15360000,25.000,41943040,1.461345030,16885908
2027.06,20,10.000,15360000,25.000,41943040,1.461345030,16885908
2032.37,20,10.000,15360000,25.000,41943040,1.437068418,16903352
2037.59,20,10.000,15360000,25.000,41943040,1.437068418,16903352
2042.82,20,10.000,15360000,25.000,41943040,1.437068418,16903352
2048.09,20,10.000,15360000,25.000,41943040,1.367476508,16931924
2053.31,20,10.000,15360000,25.000,41943040,1.367476508,16931924
2058.53,20,10.000,15360000,25.000,41943040,1.367476508,16931924
2063.78,20,10.000,15360000,25.000,41943040,1.416217763,16943624
2069.04,20,10.000,15360000,25.000,41943040,1.416217763,16943624
2074.27,20,10.000,15360000,25.000,41943040,1.416217763,16943624
2079.56,20,10.000,15360000,25.000,41943040,1.369859357,16939108
2084.86,20,10.000,15360000,25.000,41943040,1.369859357,16939108
2090.07,20,10.000,15360000,25.000,41943040,1.369859357,16939108
2095.35,20,10.000,15360000,25.000,41943040,1.447949131,16916768
2100.57,20,10.000,15360000,25.000,41943040,1.447949131,16916768
2105.86,20,10.000,15360000,25.000,41943040,1.447949131,16916768
2111.25,19,9.500,14592000,23.750,39845888,1.333375781,16939688
2116.59,19,9.500,14592000,23.750,39845888,1.333375781,16939688
2121.98,19,9.500,14592000,23.750,39845888,1.333375781,16939688
2127.22,19,9.500,14592000,23.750,39845888,1.437724538,16929220
2132.46,19,9.500,14592000,23.750,39845888,1.437724538,16929220
2137.74,19,9.500,14592000,23.750,39845888,1.444751569,16956640
2142.96,19,9.500,14592000,23.750,39845888,1.444751569,16956640
2148.4,6,3.000,4608000,7.500,12582912,0.487981550,5218596
2153.63,6,3.000,4608000,7.500,12582912,0.497223297,5205752
2158.82,5,2.500,3840000,6.250,10485760,0.433597339,4362408
2164.0,5,2.500,3840000,6.250,10485760,0.433597339,4362408
2169.15,5,2.500,3840000,6.250,10485760,0.397684036,4373376
2174.34,5,2.500,3840000,6.250,10485760,0.397684036,4373376
2179.53,5,2.500,3840000,6.250,10485760,0.397684036,4373376
2184.69,5,2.500,3840000,6.250,10485760,0.445412032,4382360
2189.96,5,2.500,3840000,6.250,10485760,0.445412032,4382360
2195.14,5,2.500,3840000,6.250,10485760,0.445412032,4382360
2200.33,5,2.500,3840000,6.250,10485760,0.409621723,4387700
2205.48,5,2.500,3840000,6.250,10485760,0.409621723,4387700
2210.7,5,2.500,3840000,6.250,10485760,0.409621723,4387700
2215.91,5,2.500,3840000,6.250,10485760,0.403861916,4389712
2221.06,5,2.500,3840000,6.250,10485760,0.403861916,4389712
2226.26,5,2.500,3840000,6.250,10485760,0.403861916,4389712
2231.44,5,2.500,3840000,6.250,10485760,0.440044153,4394440
2236.62,5,2.500,3840000,6.250,10485760,0.440044153,4394440
2241.82,5,2.500,3840000,6.250,10485760,0.440044153,4394440
2246.99,5,2.500,3840000,6.250,10485760,0.485536715,4390784
2252.23,5,2.500,3840000,6.250,10485760,0.485536715,4390784
2257.42,5,2.500,3840000,6.250,10485760,0.387767154,4374916
2262.59,5,2.500,3840000,6.250,10485760,0.387767154,4374916
2267.83,5,2.500,3840000,6.250,10485760,0.387767154,4374916
2273.0,5,2.500,3840000,6.250,10485760,0.489532021,4374848
2278.17,5,2.500,3840000,6.250,10485760,0.489532021,4374848
2283.35,5,2.500,3840000,6.250,10485760,0.489532021,4374848
2288.58,5,2.500,3840000,6.250,10485760,0.436826063,4394068
2293.74,5,2.500,3840000,6.250,10485760,0.436826063,4394068
2298.91,5,2.500,3840000,6.250,10485760,0.436826063,4394068
2304.06,5,2.500,3840000,6.250,10485760,0.320781826,4399744
2309.3,5,2.500,3840000,6.250,10485760,0.320781826,4399744
2314.45,5,2.500,3840000,6.250,10485760,0.320781826,4399744
2319.59,5,2.500,3840000,6.250,10485760,0.480654016,4416212
2324.76,5,2.500,3840000,6.250,10485760,0.480654016,4416212
2329.94,5,2.500,3840000,6.250,10485760,0.480654016,4416212
2335.09,5,2.500,3840000,6.250,10485760,0.355382420,4418836
2340.24,5,2.500,3840000,6.250,10485760,0.355382420,4418836
2345.45,5,2.500,3840000,6.250,10485760,0.355382420,4418836
2350.62,5,2.500,3840000,6.250,10485760,0.423750271,4415728
2355.8,5,2.500,3840000,6.250,10485760,0.423750271,4415728
2360.96,5,2.500,3840000,6.250,10485760,0.423750271,4415728
2366.2,5,2.500,3840000,6.250,10485760,0.442071509,4387492
2371.37,5,2.500,3840000,6.250,10485760,0.442071509,4387492
2376.55,5,2.500,3840000,6.250,10485760,0.442071509,4387492
2381.69,5,2.500,3840000,6.250,10485760,0.465235260,4385076
2386.89,5,2.500,3840000,6.250,10485760,0.465235260,4385076
2392.08,5,2.500,3840000,6.250,10485760,0.395184437,4401408
2397.26,5,2.500,3840000,6.250,10485760,0.395184437,4401408
